plano,fecha,corte,punto,x_m,z_msnm
2014-01,enero 2014,1,1,0,230.602
2014-01,enero 2014,1,2,43.468,232.557
2014-01,enero 2014,1,3,61.808,234.373
2014-01,enero 2014,1,4,98.715,237.492
2014-01,enero 2014,1,5,119.332,239.153
2014-01,enero 2014,1,6,125.28,239.716
2014-01,enero 2014,1,7,169.379,239.587
2014-01,enero 2014,1,8,172.381,239.548
2014-01,enero 2014,1,9,176.531,239.542
2014-01,enero 2014,1,10,217.091,239.922
2014-01,enero 2014,1,11,237.287,227.242
2014-01,enero 2014,1,12,239.522,226.007
2014-01,enero 2014,1,13,239.522,226.007
2014-01,enero 2014,1,14,243.223,225.804
2014-01,enero 2014,1,15,262.412,225.695
2014-01,enero 2014,1,16,284.234,225.795
2014-01,enero 2014,1,17,298.775,225.723
2014-01,enero 2014,1,18,307.354,225.836
2014-01,enero 2014,1,19,314.111,228.274
2014-01,enero 2014,1,20,327.952,228.912
2014-01,enero 2014,1,21,330.656,229.787
2014-01,enero 2014,1,22,337.67,229.73
2014-01,enero 2014,1,23,355.209,229.735
2014-01,enero 2014,1,24,378.405,230.435
2014-01,enero 2014,1,25,397.489,230.73
2014-01,enero 2014,1,26,398.721,230.724
2014-01,enero 2014,1,27,408.809,230.99
2014-01,enero 2014,1,28,494.972,233.249
2014-01,enero 2014,1,29,513.813,236.715
2014-01,enero 2014,1,30,531.922,239.46
2014-01,enero 2014,1,31,552.678,238.143
2014-01,enero 2014,1,32,625.94,236.538
2014-01,enero 2014,2,1,0,242.912
2014-01,enero 2014,2,2,5.761,242.802
2014-01,enero 2014,2,3,41.048,243.058
2014-01,enero 2014,2,4,49.825,243.052
2014-01,enero 2014,2,5,81.751,243.003
2014-01,enero 2014,2,6,93.726,242.999
2014-01,enero 2014,2,7,102.683,243.229
2014-01,enero 2014,2,8,111.618,243.256
2014-01,enero 2014,2,9,127.593,243.354
2014-01,enero 2014,2,10,144.763,243.5
2014-01,enero 2014,2,11,151.981,243.509
2014-01,enero 2014,2,12,170.522,243.448
2014-01,enero 2014,2,13,175.647,239.8
2014-01,enero 2014,2,14,178.131,236.807
2014-01,enero 2014,2,15,210.65,236.621
2014-01,enero 2014,2,16,233.941,236.801
2014-01,enero 2014,2,17,238.493,236.304
2014-01,enero 2014,2,18,240.689,235.886
2014-01,enero 2014,2,19,243.419,235.447
2014-01,enero 2014,2,20,253.595,232.935
2014-01,enero 2014,2,21,281.278,231.346
2014-01,enero 2014,2,22,281.278,231.346
2014-01,enero 2014,2,23,290.972,231.54
2014-01,enero 2014,2,24,297.766,232.262
2014-01,enero 2014,2,25,301.867,238.27
2014-01,enero 2014,2,26,306.496,243.827
2014-01,enero 2014,2,27,316.251,243.776
2014-01,enero 2014,2,28,321.884,243.663
2014-01,enero 2014,2,29,364.198,243.3
2014-01,enero 2014,2,30,377.82,243.148
2014-01,enero 2014,2,31,382.947,243.187
2014-01,enero 2014,3,1,0,243.829
2014-01,enero 2014,3,2,37.381,243.943
2014-01,enero 2014,3,3,44.866,243.929
2014-01,enero 2014,3,4,58.08,244.039
2014-01,enero 2014,3,5,62.136,244.066
2014-01,enero 2014,3,6,68.384,244.172
2014-01,enero 2014,3,7,80.508,237.455
2014-01,enero 2014,3,8,80.713,237.364
2014-01,enero 2014,3,9,80.795,237.362
2014-01,enero 2014,3,10,93.669,235.386
2014-01,enero 2014,3,11,101.793,235.347
2014-01,enero 2014,3,12,103.237,235.345
2014-01,enero 2014,3,13,103.633,235.346
2014-01,enero 2014,3,14,105.33,235.389
2014-01,enero 2014,3,15,107.163,235.591
2014-01,enero 2014,3,16,168.041,239.015
2014-01,enero 2014,3,17,177.218,238.656
2014-01,enero 2014,3,18,179.96,238.52
2014-01,enero 2014,3,19,197.164,237.746
2014-01,enero 2014,3,20,226.108,236.456
2014-01,enero 2014,3,21,229.219,236.18
2014-01,enero 2014,3,22,246.138,239.124
2014-01,enero 2014,3,23,247.325,239.125
2014-01,enero 2014,3,24,259.042,238.774
2014-01,enero 2014,3,25,267.304,238.877
2014-01,enero 2014,3,26,321.107,235.472
2014-01,enero 2014,3,27,355.879,235.19
2014-01,enero 2014,3,28,366.264,235.33
2014-01,enero 2014,3,29,372.724,235.882
2014-01,enero 2014,3,30,381.567,235.063
2014-01,enero 2014,3,31,392.522,239.437
2014-01,enero 2014,3,32,394.438,239.926
2014-01,enero 2014,3,33,399.8,244.843
2014-01,enero 2014,3,34,399.836,244.867
2014-01,enero 2014,3,35,399.842,244.868
2014-01,enero 2014,3,36,400.876,243.774
2014-01,enero 2014,3,37,406.75,243.155
2014-01,enero 2014,3,38,417.206,245.127
2014-01,enero 2014,3,39,436.343,245.239
2014-01,enero 2014,4,1,0,246.502
2014-01,enero 2014,4,2,7.513,246.476
2014-01,enero 2014,4,3,8.826,246.471
2014-01,enero 2014,4,4,23.322,246.356
2014-01,enero 2014,4,5,40.383,246.242
2014-01,enero 2014,4,6,45.357,243.723
2014-01,enero 2014,4,7,50.897,239.81
2014-01,enero 2014,4,8,64.988,239.93
2014-01,enero 2014,4,9,68.209,239.9
2014-01,enero 2014,4,10,69.341,239.886
2014-01,enero 2014,4,11,69.944,240.409
2014-01,enero 2014,4,12,82.752,242.377
2014-01,enero 2014,4,13,121.388,242.212
2014-01,enero 2014,4,14,125.862,242.212
2014-01,enero 2014,4,15,126.221,242.312
2014-01,enero 2014,4,16,130.471,242.614
2014-01,enero 2014,4,17,143.811,243.802
2014-01,enero 2014,4,18,151.444,243.128
2014-01,enero 2014,4,19,151.462,243.149
2014-01,enero 2014,4,20,152.926,245.785
2014-01,enero 2014,4,21,162.181,245.417
2014-01,enero 2014,4,22,197.146,245.963
2014-01,enero 2014,A,1,0,233.304
2014-01,enero 2014,A,2,48.177,234.155
2014-01,enero 2014,A,3,71.024,234.915
2014-01,enero 2014,A,4,107.894,236.443
2014-01,enero 2014,A,5,152.756,238.167
2014-01,enero 2014,A,6,165.168,238.75
2014-01,enero 2014,A,7,175.995,238.812
2014-01,enero 2014,A,8,207.495,239.109
2014-01,enero 2014,A,9,224.654,239.322
2014-01,enero 2014,A,10,289.787,240.489
2014-01,enero 2014,A,11,300.497,240.613
2014-01,enero 2014,A,12,305.952,240.628
2014-01,enero 2014,A,13,310.727,236.502
2014-01,enero 2014,A,14,318.841,227.717
2014-01,enero 2014,A,15,322.26,227.328
2014-01,enero 2014,A,16,328.357,227.719
2014-01,enero 2014,A,17,334.927,227.84
2014-01,enero 2014,A,18,340.906,227.623
2014-01,enero 2014,A,19,355.966,227.209
2014-01,enero 2014,A,20,365.57,228.354
2014-01,enero 2014,A,21,368.08,228.711
2014-01,enero 2014,A,22,368.9,228.718
2014-01,enero 2014,A,23,383.941,228.623
2014-01,enero 2014,A,24,407.854,230.014
2014-01,enero 2014,A,25,415.826,231.029
2014-01,enero 2014,A,26,431.805,230.956
2014-01,enero 2014,A,27,448.665,230.692
2014-01,enero 2014,A,28,460.69,230.6
2014-01,enero 2014,A,29,473.235,230.693
2014-01,enero 2014,A,30,491.099,231.321
2014-01,enero 2014,A,31,505.923,231.76
2014-01,enero 2014,A,32,560.819,233.774
2014-01,enero 2014,A,33,587.28,233.936
2014-01,enero 2014,A,34,592.93,234.999
2014-01,enero 2014,A,35,624.388,240.757
2014-01,enero 2014,A,36,628.06,241.566
2014-01,enero 2014,A,37,841.626,240.514
2014-01,enero 2014,B,1,0,243.497
2014-01,enero 2014,B,2,48.775,243.294
2014-01,enero 2014,B,3,49.081,243.289
2014-01,enero 2014,B,4,50.161,242.741
2014-01,enero 2014,B,5,62.166,237.147
2014-01,enero 2014,B,6,77.28,237.14
2014-01,enero 2014,B,7,109.524,236.875
2014-01,enero 2014,B,8,115.293,235.108
2014-01,enero 2014,B,9,115.742,234.985
2014-01,enero 2014,B,10,116.743,234.98
2014-01,enero 2014,B,11,134,234.884
2014-01,enero 2014,B,12,158.32,237.725
2014-01,enero 2014,B,13,159.961,237.847
2014-01,enero 2014,B,14,161.078,237.838
2014-01,enero 2014,B,15,164.641,237.684
2014-01,enero 2014,B,16,225.405,234.015
2014-01,enero 2014,B,17,232.713,234.005
2014-01,enero 2014,B,18,240.843,234
2014-01,enero 2014,B,19,242.249,234.65
2014-01,enero 2014,B,20,247.187,238.964
2014-01,enero 2014,B,21,252.827,241.94
2014-01,enero 2014,B,22,255.59,244.245
2014-01,enero 2014,B,23,258.991,244.27
2014-01,enero 2014,B,24,262.875,244.369
2014-01,enero 2014,B,25,271.457,244.511
2014-01,enero 2014,B,26,278.971,244.674
2014-01,enero 2014,B,27,279.271,244.44
2014-01,enero 2014,B,28,286.476,239.62
2014-01,enero 2014,B,29,306.982,238.935
2014-01,enero 2014,B,30,324.25,238.354
2014-01,enero 2014,B,31,357.427,232.817
2014-01,enero 2014,B,32,357.986,232.629
2014-01,enero 2014,B,33,358.91,232.621
2014-01,enero 2014,B,34,359.489,232.694
2014-01,enero 2014,B,35,359.612,232.705
2014-01,enero 2014,B,36,365.015,233.313
2014-01,enero 2014,B,37,365.394,233.921
2014-01,enero 2014,B,38,368.279,234.566
2014-01,enero 2014,B,39,368.374,234.223
2014-01,enero 2014,B,40,370.266,234.938
2014-01,enero 2014,B,41,377.468,244.327
2014-01,enero 2014,B,42,379.348,244.334
2014-01,enero 2014,B,43,439.725,245.269
2014-01,enero 2014,C,1,0,249.175
2014-01,enero 2014,C,2,44.631,249.106
2014-01,enero 2014,C,3,45.236,249.076
2014-01,enero 2014,C,4,49.091,249.048
2014-01,enero 2014,C,5,58.176,246.078
2014-01,enero 2014,C,6,64.926,244.262
2014-01,enero 2014,C,7,71.552,244.461
2014-01,enero 2014,C,8,93.546,244.307
2014-01,enero 2014,C,9,99.218,243.63
2014-01,enero 2014,C,10,102.243,243.616
2014-01,enero 2014,C,11,111.854,243.972
2014-01,enero 2014,C,12,121.44,245.422
2014-01,enero 2014,C,13,139.991,247.215
2014-01,enero 2014,C,14,176.532,244.614
2014-01,enero 2014,C,15,180.728,243.821
2014-01,enero 2014,C,16,180.912,244.183
2014-01,enero 2014,C,17,182.188,244.638
2014-01,enero 2014,C,18,185.337,246.289
2014-01,enero 2014,C,19,194.002,246.9
2014-01,enero 2014,C,20,198.666,248.742
2014-01,enero 2014,C,21,201.232,248.703
2014-01,enero 2014,C,22,288.377,248.572
2018-11,junio 2018,1,1,0,230.602
2018-11,junio 2018,1,2,43.468,232.557
2018-11,junio 2018,1,3,61.808,234.373
2018-11,junio 2018,1,4,98.715,237.492
2018-11,junio 2018,1,5,119.332,239.153
2018-11,junio 2018,1,6,125.28,239.716
2018-11,junio 2018,1,7,169.379,239.587
2018-11,junio 2018,1,8,172.381,239.548
2018-11,junio 2018,1,9,176.531,239.542
2018-11,junio 2018,1,10,217.091,239.922
2018-11,junio 2018,1,11,237.287,227.242
2018-11,junio 2018,1,12,239.522,226.007
2018-11,junio 2018,1,13,239.522,226.007
2018-11,junio 2018,1,14,243.223,225.804
2018-11,junio 2018,1,15,262.412,225.695
2018-11,junio 2018,1,16,284.234,225.795
2018-11,junio 2018,1,17,298.775,225.723
2018-11,junio 2018,1,18,307.354,225.836
2018-11,junio 2018,1,19,314.111,228.274
2018-11,junio 2018,1,20,327.952,228.912
2018-11,junio 2018,1,21,330.656,229.787
2018-11,junio 2018,1,22,337.67,229.73
2018-11,junio 2018,1,23,355.209,229.735
2018-11,junio 2018,1,24,378.405,230.435
2018-11,junio 2018,1,25,397.489,230.73
2018-11,junio 2018,1,26,398.721,230.724
2018-11,junio 2018,1,27,408.809,230.99
2018-11,junio 2018,1,28,494.972,233.249
2018-11,junio 2018,1,29,513.813,236.715
2018-11,junio 2018,1,30,531.922,239.46
2018-11,junio 2018,1,31,552.678,238.143
2018-11,junio 2018,1,32,625.94,236.538
2018-11,junio 2018,2,1,0,242.912
2018-11,junio 2018,2,2,5.761,242.802
2018-11,junio 2018,2,3,41.048,243.058
2018-11,junio 2018,2,4,49.825,243.052
2018-11,junio 2018,2,5,81.751,243.003
2018-11,junio 2018,2,6,93.726,242.999
2018-11,junio 2018,2,7,102.683,243.229
2018-11,junio 2018,2,8,111.618,243.256
2018-11,junio 2018,2,9,127.593,243.354
2018-11,junio 2018,2,10,144.763,243.5
2018-11,junio 2018,2,11,151.981,243.509
2018-11,junio 2018,2,12,170.522,243.448
2018-11,junio 2018,2,13,175.647,239.8
2018-11,junio 2018,2,14,178.131,236.807
2018-11,junio 2018,2,15,210.65,236.621
2018-11,junio 2018,2,16,233.941,236.801
2018-11,junio 2018,2,17,238.493,236.304
2018-11,junio 2018,2,18,240.689,235.886
2018-11,junio 2018,2,19,243.419,235.447
2018-11,junio 2018,2,20,253.595,232.935
2018-11,junio 2018,2,21,281.278,231.346
2018-11,junio 2018,2,22,281.278,231.346
2018-11,junio 2018,2,23,290.972,231.54
2018-11,junio 2018,2,24,297.766,232.262
2018-11,junio 2018,2,25,301.867,238.27
2018-11,junio 2018,2,26,306.496,243.827
2018-11,junio 2018,2,27,316.251,243.776
2018-11,junio 2018,2,28,321.884,243.663
2018-11,junio 2018,2,29,364.198,243.3
2018-11,junio 2018,2,30,377.82,243.148
2018-11,junio 2018,2,31,382.947,243.187
2018-11,junio 2018,3,1,0,243.829
2018-11,junio 2018,3,2,37.381,243.943
2018-11,junio 2018,3,3,44.866,243.929
2018-11,junio 2018,3,4,58.08,244.039
2018-11,junio 2018,3,5,62.136,244.066
2018-11,junio 2018,3,6,68.384,244.172
2018-11,junio 2018,3,7,80.508,237.455
2018-11,junio 2018,3,8,80.713,237.364
2018-11,junio 2018,3,9,80.795,237.362
2018-11,junio 2018,3,10,93.669,235.386
2018-11,junio 2018,3,11,101.793,235.347
2018-11,junio 2018,3,12,103.237,235.345
2018-11,junio 2018,3,13,103.633,235.346
2018-11,junio 2018,3,14,105.33,235.389
2018-11,junio 2018,3,15,107.163,235.591
2018-11,junio 2018,3,16,168.041,239.015
2018-11,junio 2018,3,17,177.218,238.656
2018-11,junio 2018,3,18,179.96,238.52
2018-11,junio 2018,3,19,197.164,237.746
2018-11,junio 2018,3,20,226.108,236.456
2018-11,junio 2018,3,21,229.219,236.18
2018-11,junio 2018,3,22,246.138,239.124
2018-11,junio 2018,3,23,247.325,239.125
2018-11,junio 2018,3,24,259.042,238.774
2018-11,junio 2018,3,25,267.304,238.877
2018-11,junio 2018,3,26,321.107,235.472
2018-11,junio 2018,3,27,355.879,235.19
2018-11,junio 2018,3,28,366.264,235.33
2018-11,junio 2018,3,29,372.724,235.882
2018-11,junio 2018,3,30,381.567,235.063
2018-11,junio 2018,3,31,392.522,239.437
2018-11,junio 2018,3,32,394.438,239.926
2018-11,junio 2018,3,33,399.8,244.843
2018-11,junio 2018,3,34,399.836,244.867
2018-11,junio 2018,3,35,399.842,244.868
2018-11,junio 2018,3,36,400.876,243.774
2018-11,junio 2018,3,37,406.75,243.155
2018-11,junio 2018,3,38,417.206,245.127
2018-11,junio 2018,3,39,436.343,245.239
2018-11,junio 2018,4,1,0,246.529
2018-11,junio 2018,4,2,15.423,246.476
2018-11,junio 2018,4,3,16.735,246.471
2018-11,junio 2018,4,4,31.231,246.356
2018-11,junio 2018,4,5,48.293,246.242
2018-11,junio 2018,4,6,53.266,243.723
2018-11,junio 2018,4,7,58.807,239.81
2018-11,junio 2018,4,8,72.897,239.93
2018-11,junio 2018,4,9,76.118,239.9
2018-11,junio 2018,4,10,77.251,239.886
2018-11,junio 2018,4,11,77.854,240.409
2018-11,junio 2018,4,12,90.662,242.377
2018-11,junio 2018,4,13,129.297,242.212
2018-11,junio 2018,4,14,133.772,242.212
2018-11,junio 2018,4,15,134.13,242.312
2018-11,junio 2018,4,16,138.381,242.614
2018-11,junio 2018,4,17,151.721,243.802
2018-11,junio 2018,4,18,159.353,243.128
2018-11,junio 2018,4,19,159.371,243.149
2018-11,junio 2018,4,20,160.836,245.785
2018-11,junio 2018,4,21,170.091,245.417
2018-11,junio 2018,4,22,205.055,245.963
2018-11,junio 2018,A,1,0,233.304
2018-11,junio 2018,A,2,48.177,234.155
2018-11,junio 2018,A,3,71.024,234.915
2018-11,junio 2018,A,4,107.894,236.443
2018-11,junio 2018,A,5,152.756,238.167
2018-11,junio 2018,A,6,165.168,238.75
2018-11,junio 2018,A,7,175.995,238.812
2018-11,junio 2018,A,8,207.495,239.109
2018-11,junio 2018,A,9,224.654,239.322
2018-11,junio 2018,A,10,289.787,240.489
2018-11,junio 2018,A,11,300.497,240.613
2018-11,junio 2018,A,12,305.952,240.628
2018-11,junio 2018,A,13,310.727,236.502
2018-11,junio 2018,A,14,318.841,227.717
2018-11,junio 2018,A,15,322.26,227.328
2018-11,junio 2018,A,16,328.357,227.719
2018-11,junio 2018,A,17,334.927,227.84
2018-11,junio 2018,A,18,340.906,227.623
2018-11,junio 2018,A,19,355.966,227.209
2018-11,junio 2018,A,20,365.57,228.354
2018-11,junio 2018,A,21,368.08,228.711
2018-11,junio 2018,A,22,368.9,228.718
2018-11,junio 2018,A,23,383.941,228.623
2018-11,junio 2018,A,24,407.854,230.014
2018-11,junio 2018,A,25,415.826,231.029
2018-11,junio 2018,A,26,431.805,230.956
2018-11,junio 2018,A,27,448.665,230.692
2018-11,junio 2018,A,28,460.69,230.6
2018-11,junio 2018,A,29,473.235,230.693
2018-11,junio 2018,A,30,491.099,231.321
2018-11,junio 2018,A,31,505.923,231.76
2018-11,junio 2018,A,32,560.819,233.774
2018-11,junio 2018,A,33,587.28,233.936
2018-11,junio 2018,A,34,592.93,234.999
2018-11,junio 2018,A,35,624.388,240.757
2018-11,junio 2018,A,36,628.06,241.566
2018-11,junio 2018,A,37,841.626,240.514
2018-11,junio 2018,B,1,0,243.497
2018-11,junio 2018,B,2,48.775,243.294
2018-11,junio 2018,B,3,49.081,243.289
2018-11,junio 2018,B,4,50.161,242.741
2018-11,junio 2018,B,5,62.166,237.147
2018-11,junio 2018,B,6,77.28,237.14
2018-11,junio 2018,B,7,109.524,236.875
2018-11,junio 2018,B,8,115.293,235.108
2018-11,junio 2018,B,9,115.742,234.985
2018-11,junio 2018,B,10,116.743,234.98
2018-11,junio 2018,B,11,134,234.884
2018-11,junio 2018,B,12,158.32,237.725
2018-11,junio 2018,B,13,159.961,237.847
2018-11,junio 2018,B,14,161.078,237.838
2018-11,junio 2018,B,15,164.641,237.684
2018-11,junio 2018,B,16,225.405,234.015
2018-11,junio 2018,B,17,232.713,234.005
2018-11,junio 2018,B,18,240.843,234
2018-11,junio 2018,B,19,242.249,234.65
2018-11,junio 2018,B,20,247.187,238.964
2018-11,junio 2018,B,21,252.827,241.94
2018-11,junio 2018,B,22,255.59,244.245
2018-11,junio 2018,B,23,258.991,244.27
2018-11,junio 2018,B,24,262.875,244.369
2018-11,junio 2018,B,25,271.457,244.511
2018-11,junio 2018,B,26,278.971,244.674
2018-11,junio 2018,B,27,279.271,244.44
2018-11,junio 2018,B,28,286.476,239.62
2018-11,junio 2018,B,29,306.982,238.935
2018-11,junio 2018,B,30,324.25,238.354
2018-11,junio 2018,B,31,357.427,232.817
2018-11,junio 2018,B,32,357.986,232.629
2018-11,junio 2018,B,33,358.91,232.621
2018-11,junio 2018,B,34,359.489,232.694
2018-11,junio 2018,B,35,359.612,232.705
2018-11,junio 2018,B,36,365.015,233.313
2018-11,junio 2018,B,37,365.394,233.921
2018-11,junio 2018,B,38,368.279,234.566
2018-11,junio 2018,B,39,368.374,234.223
2018-11,junio 2018,B,40,370.266,234.938
2018-11,junio 2018,B,41,377.468,244.327
2018-11,junio 2018,B,42,379.348,244.334
2018-11,junio 2018,B,43,439.725,245.269
2018-11,junio 2018,C,1,0,249.175
2018-11,junio 2018,C,2,44.631,249.106
2018-11,junio 2018,C,3,45.236,249.076
2018-11,junio 2018,C,4,49.091,249.048
2018-11,junio 2018,C,5,58.176,246.078
2018-11,junio 2018,C,6,64.926,244.262
2018-11,junio 2018,C,7,71.552,244.461
2018-11,junio 2018,C,8,93.546,244.307
2018-11,junio 2018,C,9,99.218,243.63
2018-11,junio 2018,C,10,102.243,243.616
2018-11,junio 2018,C,11,111.854,243.972
2018-11,junio 2018,C,12,121.44,245.422
2018-11,junio 2018,C,13,139.991,247.215
2018-11,junio 2018,C,14,176.532,244.614
2018-11,junio 2018,C,15,180.728,243.821
2018-11,junio 2018,C,16,180.912,244.183
2018-11,junio 2018,C,17,182.188,244.638
2018-11,junio 2018,C,18,185.337,246.289
2018-11,junio 2018,C,19,194.002,246.9
2018-11,junio 2018,C,20,198.666,248.742
2018-11,junio 2018,C,21,201.232,248.703
2018-11,junio 2018,C,22,288.377,248.572
